"sku","fnsku","asin","product-name","condition","your-price","mfn-listing-exists","mfn-fulfillable-quantity","afn-listing-exists","afn-warehouse-quantity","afn-fulfillable-quantity","afn-unsellable-quantity","afn-reserved-quantity","afn-total-quantity","per-unit-volume","afn-inbound-working-quantity","afn-inbound-shipped-quantity","afn-inbound-receiving-quantity","afn-researching-quantity","afn-reserved-future-supply","afn-future-supply-buyable"
"10-Pack-Adhesive punch","X003RX73ZX","B0C1B86RC9","365Home 10-Pack Adhesive Punch-Free Socket Holder, Self Adhesive Desktop Socket Fixer, Power Strip Holder Wall Mount with 20 Pcs Cable Organizer Clips, Suitable for WiFi Routers, Remote Controls","New","9.99","No",,"Yes","414","332","0","81","939","0.04","0","525","0","1","0","599"
"1R-UXYH-YNJ4","X002HF85EF","B085LBD2JD","365Home Metal Hammer Keychain Hammer Key Ring, Cool Gifts for Men, Husband, Boyfriend","New","10.99","No",,"Yes","34","33","0","1","34","0.01","0","0","0","0","0","0"
"2-pack-Ivory","X003KX4KVZ","B0BR3PJZJ4","365Home 2-Pack Spoon and Lid Rest for Stove Top, Spoon Rest with Pot Lid Holder and 2-Pack Spill-proof Lid Lifter, Spatula Ladle Utensil Rest for Kitchen Counter, Gadgets Accessories for Cooking","New","10.99","No",,"Yes","20","2","0","18","20","0.06","0","0","0","0","0","0"
"2-pack-Lampnew-360socket","X003IWFZDP","B0BMWZVTKR","365Home Colorful Rotating Magic Ball Light, 2-Pack Magic Light Bulb with Sockets, Plug in Disco Ball Light Bulb for Home Room Dance Parties","New","18.99","No",,"Yes","48","0","1","46","168","0.12","0","120","0","1","0","0"
"2F-8PCN-YPAO","X003SMO8PV","B0C2Z6W4PC","1TO3GO Pet Grooming Gloves Pet Hair Remover Cat, Dog Washing Gloves Silicone Heat Resistant Cleaning Gloves with High-Density Teeth Grooming Gloves for Dogs, Cats, Horses, Rabbits (2 Pairs - Blue)","New","18.99","No",,"Yes","82","82","0","0","82","0.11","0","0","0","0","0","0"
"2K-XVBD-O0R9","X002NATMU5","B08HWTQCLL","Nidavellir Shield Keychain Bottle Opener, Beer Gifts Bottle Opener for Men, Husband, Dad, Grandpa, Boyfriend (Bronze)","New","9.99","No",,"Yes","50","48","0","2","50","0","0","0","0","0","0","0"
"2S-BUFD-NO5E","X0040VDEIB","B0CM6JC6DZ","1TO3GO Pet Brush Self-Cleaning and Grooming Brush for Cat, Dog (Orange)","New","13.99","No",,"Yes","0","0","0","0","15","0.05","0","15","0","0","0","15"
"2T-IZPZ-YVQK","X002BMAK6F","B07Y8CDXX7","365Home 3-Pack Bronze Glove Keychain Silver Hammer Keychain Red Glove Keychain, Cool Gifts for Men, Husband, Boyfriend","New","13.99","No",,"Yes","68","65","0","3","68","0.02","0","0","0","0","0","0"
"2pack-chargerprotector-pink&black","X003KD945H","B0BPHZT4JJ","365Home 2-Pack 2 In 1 Silicone Charger Protector with Cord Wrap, Iphone Silicone Power Adapter Case, Snapback Charger Winder, Compatible with 18W/20W Charger - 1.65 x 1.1 inches (Charger not Included)","New","9.99","No",,"Yes","182","130","1","47","723","0.01","360","180","1","4","0","0"
"2pack-chargerprotector-white&gray","X003KD711B","B0BPHXQM78","365Home 2-Pack 2 In 1 Silicone Charger Protector with Cord Wrap, Iphone Silicone Power Adapter Case, Snapback Charger Winder, Compatible with 18W/20W Charger - 1.65 x 1.1 inches (Charger not Included)","New","9.99","No",,"Yes","411","0","2","409","1312","0.01","540","360","1","0","0","359"
"39-FTKS-BM89","X0026HUHVX","B07RYPBYPV","VNFLY Magnetic Hammer Shaped Beer Opener, Beer Gifts Bottle Opener for Men, Husband, Dad, Grandpa, Boyfriend (Silver)","New","9.99","No",,"Yes","10","10","0","0","10","0.03","0","0","0","0","0","0"
"3C-8GVG-8KV6","X0028N5BQ1","B07V278VJ1","Nidavellir Hammer Keychain Bottle Opener, Beer Gifts Bottle Opener for Men, Husband, Dad, Grandpa, Boyfriend","New","7.99","No",,"Yes","59","58","0","1","59","0.01","0","0","0","0","0","0"
"3E-56BX-LOMN","X003Z83B3X","B0CJPC914T","365Home Bamboo Silverware Organizer Countertop, Flatware Caddy, Bamboo Utensil Holder for Party, Kitchen Table, Farmhouse (Forks, Knives, Chopsticks, Spoons)","New","31.99","No",,"Yes","0","0","0","0","108","0.15","72","36","0","0","0","80"
"4-Pack-Adhesive punch","X003OWUGFB","B0BTHSZ25N","365Home 4-Pack Adhesive Punch-Free Socket Holder, Self-Adhesive Desktop Socket Fixer, Power Strip Holder Wall Mount, Suitable for WiFi Routers, Remote Controls, Tissue Boxes","New","9.99","No",,"Yes","0","0","0","0","0","0","0","0","0","0","0","0"
"4S-3MCC-47HN","X003YM4DMD","B0CHP3HR2F","VNFLY 2-Pack Folding Camping Stool Type Portable Stool Suitable to Carry or Put in Backpack for Waiting in Line, Hiking, Camping, Fishing, Gardening & Picnic (14in/Blue)","New","55.99","No",,"Yes","0","0","0","0","0",,"0","0","0","0","0","0"
"4U-GGNP-22F6","X003SMOTOB","B0C2ZBSM12","1TO3GO Pet Grooming Gloves Pet Hair Remover Cat, Dog Washing Gloves Silicone Heat Resistant Cleaning Gloves with High-Density Teeth Grooming Gloves for Dogs, Cats, Horses, Rabbits (1 Pair - Gray)","New","12.99","No",,"Yes","326","97","1","228","326","0.04","0","0","0","0","0","0"
"4pack-chargerprotector","X003KD97CR","B0BPHZ362T","365Home 4-Pack 2 In 1 Silicone Charger Protector with Cord Wrap, Iphone Silicone Power Adapter Case, Snapback Charger Winder, Compatible with 18W/20W Charger - 1.65 x 1.1 inches (Charger not Included)","New","13.99","No",,"Yes","2757","0","21","2721","6023","0.05","2340","900","26","15","0","0"
"55-RUZS-K9Y2","X001X335DX","B07JD2H5KC","VNFLY Cute Keychain Lovely Animal Characters, Mini Figure Collection Playset, Plant Pot Craft Dollhouse Decoration, Cake Topper, Cake Decoration (2 x 1.4 inches)","New","8.99","No",,"Yes","65","63","0","2","65","0.01","0","0","0","0","0","0"
"5S-LEF4-2V5E","X001X2JGO1","B07GLJ2YNF","VNFLY Axe Keychain Hammer Keychain Hammer Key Ring, Cool Gifts for Men, Husband, Boyfriend","New","7.99","No",,"Yes","57","41","0","16","57","0.01","0","0","0","0","0","0"
"5V-DV91-Z442","X0032LLH07","B099RHR9PS","365Home Bamboo Silverware Organizer Countertop, Flatware Caddy, Bamboo Utensil Holder for Party, Kitchen Table, Farmhouse","New","31.99","No",,"Yes","0","0","0","0","0","0.27","0","0","0","0","0","0"
"8-Pack-Adhesive punch","X003OWLNH1","B0BTHS2ZC7","365Home 8-Pack Adhesive Punch-Free Socket Holder, Self Adhesive Desktop Socket Fixer, Power Strip Holder Wall Mount, Suitable for WiFi Routers, Remote Controls, Tissue Boxes","New","8.99","No",,"Yes","17","16","0","1","17","0.03","0","0","0","0","0","0"
"9B-VS2B-VRE4","X003SMBGKB","B0C2YXVGR7","1TO3GO Pet Grooming Gloves Pet Hair Remover Cat, Dog Washing Gloves Silicone Heat Resistant Cleaning Gloves with High-Density Teeth Grooming Gloves for Dogs, Cats, Horses, Rabbits (1 Pair - Blue)","New","12.99","No",,"Yes","424","258","0","165","424","0.04","0","0","0","1","0","224"
"9K-FBJO-XTOF","X003K6AQYR","B0BG39X4ZF","1TO3GO Dog Training Collar with 4 Extra Links for Medium, Large and X-Large Dogs (Blue)","New","12.99","No",,"Yes","2","1","0","1","2","0.03","0","0","0","0","0","0"
"9N-UB22-XILZ","X001YUO5YX","B07KX5V1LC","VNFLY 2-Pack Rocket Pens, 4-Color Ballpoint Pen, Fat Pens, Jumbo Pens with Rubber Grip (Blue)","New","7.99","No",,"Yes","36","36","0","0","36","0.01","0","0","0","0","0","0"
"Auto Cup Holder Coaster","X003U308N9","B0C69YBV3X","CONEATI 2-Pack Car Cup Holder Coaster, Universal Non-Slip Cup Holder Coasters for Car Interior Accessories (Black)","New","6.99","No",,"Yes","10","10","0","0","10","0","0","0","0","0","0","0"
"Auto Hook-2pcs","X0041W06KD","B0CP1V19WD","CONEATI 2-Pack Multifunctional Hook for Car Seat Back, Multifunction Car Phone Holder with Hook Car Back Hanging Mount Cup Storage","New","9.99","No",,"Yes","0","0","0","0","50","0","50","0","0","0","0","50"
"Auto Hook-4pcs","X0041VZY79","B0CP1TNK8H","CONEATI 4-Pack Multifunctional Hook for Car Seat Back, Multifunction Car Phone Holder with Hook Car Back Hanging Mount Cup Storage","New","11.99","No",,"Yes","0","0","0","0","52","0","52","0","0","0","0","52"
"Auto Seat Headrest Hook","X003U308O3","B0C69WG7G3","CONEATI 4-Pack Car Seat Hooks for Purses and Bags Headrest Hook Hanger Storage Organizer for Handbag Purse clothes umbrella","New","6.99","No",,"Yes","6","6","0","0","6","0","0","0","0","0","0","0"
"Auto Sunglass Holder","X003U308MZ","B0C69ZHY8Q","CONEATI Magnetic Sunglass Holder for Car Visor, Leather Sunglasses Holder and Ticket Card Clip, Suitable for Different Size Eyeglasses (Black)","New","8.99","No",,"Yes","8","8","0","0","8","0","0","0","0","0","0","0"
"Auto Tissue Holder","X003U308NT","B0C69ZKTRK","CONEATI Car Visor Tissue Holder, PU Leather Car Napkin Holder, Paper Towel Mask Dispenser for Car (Black)","New","8.99","No",,"Yes","10","10","0","0","10","0.01","0","0","0","0","0","0"
"Auto seat belt shoulder protection","X003U37SKP","B0C69XZ2T1","CONEATI Car Seat Belt Protection Pad, Seat Belt Shoulder Strap Cover Protection Cover, Seat Belt Shoulder Pad, Suitable for Adults and Children, Compatible with All Cars","New","5.99","No",,"Yes","20","20","0","0","20","0.01","0","0","0","0","0","0"
"Auto-Bag-Leather-Black","X003U30AYV","B0C69189XC","CONEATI Car Storage Pocket Between Seats Purse Holder for Car Between front Seats with 4 Pcs Seat Headrest Hook","New","19.99","No",,"Yes","0","0","0","0","0","0.06","0","0","0","0","0","0"
"Auto-Bag-Leather-Grey","X003U37QS9","B0C68Z4C9R","CONEATI Car Storage Pocket Between Seats Purse Holder for Car Between front Seats with 4 Pcs Seat Headrest Hook","New","19.99","No",,"Yes","0","0","0","0","0","0.06","0","0","0","0","0","0"
"Auto-Bag-Suede-Black","X003U37SKF","B0C68XYC2Q","CONEATI Car Storage Pocket Between Seats Purse Holder for Car Between front Seats Car Handbag Holder Between Seats with 4 Pcs Seat Headrest Hook","New","20.99","No",,"Yes","1","0","1","0","1","0.06","0","0","0","0","0","0"
"Auto-Bag-Suede-Black-Set","X003U37QST","B0C68ZR18G","CONEATI Car Storage Pocket Organizer Between Seats Purse Holder for Car Between front Seats Car Handbag Holder with 4 Pcs Seat Headrest Hook, 2 Pcs Cup Holder Coaster and 2 Pcs Seat Belt Cover","New","26.99","No",,"Yes","86","65","1","20","86","0.2","0","0","0","0","0","0"
"Auto-Bag-Suede-Grey","X003U30AZ5","B0C68YWYPN","CONEATI Car Storage Pocket Between Seats Purse Holder for Car Between front Seats Car Handbag Holder Between Seats with 4 Pcs Seat Headrest Hook","New","20.99","No",,"Yes","2","0","2","0","2","0.06","0","0","0","0","0","0"
"Auto-Bag-Suede-Grey-Set","X003U37SKZ","B0C6923J45","CONEATI Car Storage Pocket Between Seats Purse Holder for Car Between front Seats with 4 Pcs Seat Headrest Hook, 2 Pcs Cup Holder Coaster and 2 Pcs Seat Belt Cover","New","25.99","No",,"Yes","152","133","0","19","152","0.22","0","0","0","0","0","0"
"B4-RE1I-9Y4T","X003YMGTV1","B0CHQ96XRX","VNFLY Folding Camping Stool 14/16 in Portable Stool Suitable Seating to Carry or Put in Backpack for Waiting in Line, Hiking, Camping, Fishing, Gardening & Picnic (Blue) (1, 16in)","New","31.99","No",,"Yes","0","0","0","0","0","0.1","0","0","0","0","0","0"
"BBQ-Skewer2","X003XAGOVT","B0CF65VJY8","365Home Kebab Maker Mould Plastic Kabob Maker Press Barbecue Meat Skewer Kebab Maker BBQ Gadget (Grey)","New","13.99","No",,"Yes","0","0","0","0","109","0.03","109","0","0","0","0","0"
"BE-W3LE-59Z4","X003U2V3NT","B0C69RGV1W","1TO3GO?Upgrade? Adjustable Dog Training Collar with 4 Extra Links for Medium, Large and X-Large Dogs (Improved o-Ring)","New","11.99","No",,"Yes","286","253","3","29","702","0.04","400","0","16","1","0","100"
"BK-SRB5-DBHK","X002BGVME5","B07Y2C5KM3","365Home 3-Pack Silver Hammer Keychain Bronze Glove Keychain Silver Axe Keychain, Cool Gifts for Men, Husband, Boyfriend","New","12.99","No",,"Yes","29","26","0","3","29","0.01","0","0","0","0","0","0"
"Bathtub-1.3-1.6in","X003FLMCS5","B0BJ7GYQGD","365Home Universal Bathtub Stopper with Drain Hair Catcher, Upgraded Bathroom Shower Drain Hair Trap, Pop-Up Drain Filter for 1.3 - 1.6 Inch","New","17.99","No",,"Yes","8","0","0","8","8","0.04","0","0","0","0","0","0"
"BeanSlicer","X003DL3W13","B0BC8YPVZZ","365Home Multifunction Vegetable Green Bean Cutter Slicer Frencher Stringer, Green Onion Pepper Slicer Shredder, Veggie Slicer Cutter Shredder Tool","Unknown",,,,,"0","0","0","0","0","0","0","0","0","0","0","0"
"Breaker-04","X003K54XY7","B0BNQT3YN6","365Home 4-Packs Car Window Breaker Seatbelt Cutter, 3-in-1 Glass Breaker and Seat Belt Cutter, Car Emergency Escape Tool with User Manual for Land and Underwater (Black Red Blue Yellow)","New","21.99","No",,"Yes","111","90","1","18","111","0.06","0","0","0","2","0","0"
"Breaker-green","X003FHUO7P","B0BHVP5HFS","365Home Seatbelt Cutter Window Breaker Keychain, 3-in-1 Seat Belt Cutter and Glass Breaker, Emergency Window Breaker for Car on Land and Underwater with User Manual (Green)","New","9.99","No",,"Yes","0","0","0","0","0","0.01","0","0","0","0","0","0"
"Breaker2-pack3","X003VEC62D","B0C9DK668L","365Home 3-Packs Car Window Breaker Seatbelt Cutter, 3-in-1 Glass Breaker and Seat Belt Cutter, Car Emergency Escape Tool with User Manual for Land and Underwater (Black Red Blue)","New","14.99","No",,"Yes","0","0","0","0","0","0.02","0","0","0","0","0","0"
"C5-3MBH-AW2X","X002CII6L9","B07Z779DMH","365Home Glove Keychain Bottle Opener, Beer Gifts Bottle Opener for Men, Husband, Dad, Grandpa, Boyfriend (Red Copper)","New","9.99","No",,"Yes","137","134","1","2","137","0","0","0","0","0","0","0"
"CY-CI3D-CHYK","X002TM7I8Z","B08XWY4F7C","365Home Hanging Utensil Holder Hooks Kitchen Utensil Hanger Wall Mount 360 Degrees Rotating Folding Hook Self Adhesive Hook Utensil Rack with 6 Hooks for Kitchen Bathroom (1 Black & 1 White)","New","7.99","No",,"Yes","40","39","0","1","40","0.05","0","0","0","0","0","0"
"Cable Ties-30pcs","X00415K8O9","B0CMTK1M3L","365Home 30-Pack Silicone Cable Straps Cord Organizer for Earphone","New","8.00","No",,"Yes","0","0","0","0","50","0","50","0","0","0","0","25"
"Cable Ties-50pcs","X0041591XD","B0CMTMT11R","365Home 50-Pack Silicone Cable Straps Cord Organizer for Earphone","New","9.00","No",,"Yes","0","0","0","0","50","0","50","0","0","0","0","1"
"Chopper","X003DL3Q19","B0BC823Y5R","365Home Multifunctional Vegetable Chopper Dicing & Slitting, Veggie Chopper Dicer With Container, New Hand Pressure Cucumber Carrot Potato Onion Chopper Dicer Slicer Cutter Tool","Unknown",,,,,"0","0","0","0","0","0.06","0","0","0","0","0","0"
"Chopper-3in1Peeler","X003DL1W0L","B0BC81ZZS8","365Home 2-Pack Multifunctional Vegetable Chopper Dicing & Slitting, Veggie Peeler Chopper Dicer with Container, Cucumber Carrot Potato Onion Chopper Peeler Dicer Slicer Cutter Tool","Unknown",,,,,"0","0","0","0","0","0.07","0","0","0","0","0","0"
"Chopper-StoragePeeler","X003DL3WIL","B0BC82J65L","365Home 2-Pack Multifunctional Vegetable Chopper Dicing & Slitting, Veggie Peeler Chopper Dicer With Container, Cucumber Carrot Potato Onion Apple Peeler Chopper Dicer Slicer Cutter Tool","Unknown",,,,,"0","0","0","0","0","0.13","0","0","0","0","0","0"
"DD-7J1D-GS2K","X002BETBI1","B07XYYC3FV","365Home 2-Pack New Home New Adventures Keychain Housewarming Gift New Home Gift Realtor Closing Gifts","New","7.99","No",,"Yes","22","22","0","0","22","0","0","0","0","0","0","0"
"DY-HI2Z-KZIV","X0026W1D9X","B07SC37NY5","VNFLY Shield Keychain, Cool Gifts for Men, Husband, Boyfriend (Rotative Version)","New","9.99","No",,"Yes","0","0","0","0","0","0.01","0","0","0","0","0","0"
"Dumpling-2packs","X003KCWVET","B0BPGJWBX2","365Home 2-Pack 2 in 1 Dumpling Maker Press, Dumpling Skin Maker Machine, Empanada Maker Press, Multifunctional DIY Manual Dumpling Press Mold Set (Orange, Green)","New","18.99","No",,"Yes","140","64","1","74","223","0.24","83","0","0","1","0","125"
"Dumpling-Pink","X003KCT0FR","B0BPGJCJ4L","365Home 2 in 1 Dumpling Maker Press, Dumpling Skin Maker Machine, Empanada Maker Press, Multifunctional DIY Manual Dumpling Press Mold Set (Pink)","New","14.99","No",,"Yes","0","0","0","0","0","0.08","0","0","0","0","0","0"
"Dumpling-Yellow","X003KCYD63","B0BPGC1SZD","365Home 2 in 1 Dumpling Maker Press, Dumpling Skin Maker Machine, Empanada Maker Press, Multifunctional DIY Manual Dumpling Press Mold Set (Yellow)","New","14.99","No",,"Yes","0","0","0","0","0","0.08","0","0","0","0","0","0"
"Dumpling2-2pack","X003QCAYMT","B0BWXSMV94","365Home?Upgrade?2-Pack 2 in 1 Dumpling Maker Press, Dumpling Skin Maker Machine, Empanada Maker Press, Multifunctional DIY Manual Dumpling Press Mold Set (Blue, Green)","New","21.99","No",,"Yes","75","11","0","64","95","0.23","20","0","0","0","0","0"
"Dumpling2-4packs","X003KK5M2T","B0BQ37LC97","365Home?Upgrade?4-Pack 2 in 1 Dumpling Maker Press, Dumpling Skin Maker Machine, Empanada Maker Press, Multifunctional DIY Manual Dumpling Press Mold Set","New","29.99","No",,"Yes","0","0","0","0","0","0.41","0","0","0","0","0","0"
"Dumpling2-Blue","X003KK8B59","B0BQ37X5M1","365Home?Upgrade?2 in 1 Dumpling Maker Press, Dumpling Skin Maker Machine, Empanada Maker Press, Multifunctional DIY Manual Dumpling Press Mold Set (Blue)","New","14.99","No",,"Yes","0","0","0","0","0","0.1","0","0","0","0","0","0"
"EK-APQA-YGQB","X0033S6WEF","B09NR1LC4C","365Home 2-Pack Our First Home 2022 Keychain Housewarming Gift New Home Gift Realtor Closing Gifts (Our First Home 3)","New","6.99","No",,"Yes","0","0","0","0","0","0","0","0","0","0","0","0"
"ER-20K5-JXAF","X002VN8FIT","B09362BYFC","365Home 2-Pack Rattan Napkin Holder Square Napkin Holder Basket Napkin Holder Bar Cocktail Napkin Holder 7.5"" x 7.5"" x 2.5"" and Set 6 Pieces Nature Rattan Coasters Handwoven Coasters 4"" Round","New","24.99","No",,"Yes","7","7","0","0","47","0.04","0","40","0","0","0","0"
"ER-PXVS-SGS2","X001X335EH","B07JVS7RTP","VNFLY Cute Keychain Lovely Animal Characters, Mini Figure Collection Playset, Plant Pot Craft Dollhouse Decoration, Cake Topper, Cake Decoration (2 x 1.23 inches)","New","6.99","No",,"Yes","45","45","0","0","45","0.01","0","0","0","0","0","0"
"FA-9HGC-3XS7","X0040RN5KH","B0CM1CRSZJ","1TO3GO Pet Brush Self-Cleaning and Grooming Brush for Cat, Dog","New","13.99","No",,"Yes","0","0","0","0","64","0.05","0","64","0","0","0","64"
"FB-NGZ0-VA4A","X001X3C7U5","B07JCQ6BBC","VNFLY Cute Keychain Lovely Animal Characters, Mini Figure Collection Playset, Plant Pot Craft Dollhouse Decoration, Cake Topper, Cake Decoration (1.8 x 1.27 inches)","New","7.99","No",,"Yes","95","95","0","0","95","0.01","0","0","0","0","0","0"
"FG-BVUM-HOJX","X002UDIWO7","B08ZNHTDXB","365Home Hanging Utensil Holder Hooks Kitchen Utensil Hanger Wall Mount 360 Degrees Rotating Folding Hook Self Adhesive Hook Utensil Rack with 6 Hooks for Kitchen Bathroom Cabinet (4 Black)","New","10.99","No",,"Yes","112","106","1","5","112","0.07","0","0","0","0","0","0"
"Footsewing-4pcs-larger","X0041YLNDZ","B0CP4BWNYB","365Home 4 Packs Universal Sewing Rolled Hemmer Foot Set - [0.12-0.4 in] - Wide Rolled Hem Pressure Foot, Sewing Machine Presser Foot Hemmer Foot, Home Industrial Curved Scroll Hemmer Foot - 7/8/9/10mm","New","17.99","No",,"Yes","0","0","0","0","50","0","50","0","0","0","0","0"
"Footsewing-4pcs-small","X0041YTDUZ","B0CP49JWXG","365Home 4 Packs Universal Sewing Rolled Hemmer Foot Set - [0.12-0.4 in] - Wide Rolled Hem Pressure Foot, Sewing Machine Presser Foot Hemmer Foot, Home Industrial Curved Scroll Hemmer Foot - 3/4/5/6mm","New","17.99","No",,"Yes","0","0","0","0","50","0","50","0","0","0","0","1"
"Footsewing-8pcs","X0041YLBOL","B0CP49WDVN","365Home 8-Packs Universal Sewing Rolled Hemmer Foot Set - [0.12-0.4 in] - Wide Rolled Hem Pressure Foot, Sewing Machine Presser Foot Hemmer Foot, Home Industrial Curved Scroll Hemmer Foot -Mix 8 sizes","New","22.99","No",,"Yes","0","0","0","0","50","0","50","0","0","0","0","50"
"G8-CO5L-EOL6","X002HF85EP","B085L7PY6Z","365Home Metal Hammer Keychain Hammer Key Ring, Cool Gifts for Men, Husband, Boyfriend (Silver)","New","10.79","No",,"Yes","469","430","0","38","469","0","0","0","0","1","0","0"
"H5-MZXZ-04N5","X002UDI1W5","B08ZNH2YZW","365Home Hanging Utensil Holder Hooks Kitchen Utensil Hanger Wall Mount 360 Degrees Rotating Folding Hook Self Adhesive Hook Utensil Rack with 6 Hooks for Kitchen Bathroom (2 Black & 2 White)","New","11.99","No",,"Yes","209","179","1","29","209","0.06","0","0","0","0","0","0"
"HY-FPG1-H2SQ","X002UDBVHH","B08ZN9NFPK","365Home Hanging Utensil Holder Hooks Kitchen Utensil Hanger Wall Mount 360 Degrees Rotating Folding Hook Self Adhesive Hook Utensil Rack with 6 Hooks for Kitchen Bathroom Cabinet (2 White)","New","7.99","No",,"Yes","53","52","0","1","53","0.04","0","0","0","0","0","0"
"Headphone Organizer- 4Pack","X003YTO5KV","B0CJ2ZBK9Q","365Home 4-Pack Upgrade Silicone Headphone Organizer, Data Cable Storage Case, Portable Wired Earphone Pouch for Cell Phone Accessories, Storing Earbud, USB Flash Driver, Keys, Mini Lipstick","New","15.99","No",,"Yes","3","2","0","0","82","0.03","79","0","0","1","0","0"
"Headphone Organizer- Black-pink","X003YTM8IH","B0CJ2X8GFD","365Home 2-Pack Upgrade Silicone Headphone Organizer, Data Cable Storage Case, Portable Wired Earphone Pouch for Cell Phone Accessories, Storing Earbud, USB Flash Driver, Keys, Mini Lipstick","New","12.99","No",,"Yes","61","61","0","0","61","0.03","0","0","0","0","0","0"
"Headphone Organizer- White-Gray","X003YTJNVR","B0CJ2ZCVL2","365Home 2-Pack Upgrade Silicone Headphone Organizer, Data Cable Storage Case, Portable Wired Earphone Pouch for Cell Phone Accessories, Storing Earbud, USB Flash Driver, Keys, Mini Lipstick","New","9.99","No",,"Yes","37","36","0","1","37","0.02","0","0","0","0","0","0"
"Headphone Organizer-4Pack-2","X00413BLJ7","B0CMPWGH41","365Home Silicone Headphone Organizer-Data Cable Storage Case-Mini Key Box-Portable Wired Headphone Organizer (Red - Dark Blue - Light Blue - Purple)","New","15.99","No",,"Yes","0","0","0","0","54","0","54","0","0","0","0","54"
"J5-PG59-MLTR","X002HF7C9J","B085KZBCLD","365Home Metal Hammer Keychain Hammer Key Ring, Cool Gifts for Men, Husband, Boyfriend","New","11.99","No",,"Yes","21","20","0","1","21","0.01","0","0","0","0","0","0"
"J9-2SPF-6275","X0028QD3SV","B07V3C477B","VNFLY Glove Keychain Bottle Opener, Beer Gifts Bottle Opener for Men, Husband, Dad, Grandpa, Boyfriend (Bronze)","New","9.99","No",,"Yes","77","70","1","6","77","0","0","0","0","0","0","0"
"JK-6091-UDBQ","X0024N0PGV","B07R3HRS1S","SNAPY 2-Pack Mini Folding Camping Stool, Lightweight Camp Stool, Portable Folding Camp Chair, Ultralight Camping Chair for BBQ, Camping, Fishing, Travel, Hiking (Blue & Blue)","New","29.99","No",,"Yes","0","0","0","0","0","0.14","0","0","0","0","0","0"
"KG-8JKR-RC81","X002UDIWNX","B08ZNJQ2CN","365Home Hanging Utensil Holder Hooks Kitchen Utensil Hanger Wall Mount 360 Degrees Rotating Folding Hook Self Adhesive Hook Utensil Rack with 6 Hooks for Kitchen Bathroom Cabinet (3 Black)","New","8.99","No",,"Yes","15","15","0","0","15","0.05","0","0","0","0","0","0"
"KR-RB46-THOW","X002TPQ8ZL","B08Y5PSHJ9","365Home Multifunction Barbecue Meat Skewer Machine BBQ Meat String Device Quick Portable Meat Skewer Box Easy Skewer Tools Kebab Maker BBQ Gadget","New","9.99","No",,"Yes","149","147","1","1","149","0.04","0","0","0","0","0","0"
"L4-ZQ4Y-IAUX","X003YQA2AV","B0CHWM94PK","VNFLY 2-Pack Folding Camping Stool Type Portable Stool Suitable to Carry or Put in Backpack for Waiting in Line, Hiking, Camping, Fishing, Gardening & Picnic (12in/Blue)","New","59.99","No",,"Yes","0","0","0","0","0",,"0","0","0","0","0","0"
"LA-J1RY-MMB4","X0028ERDOX","B07RXNQPR9","VNFLY Magnetic Hammer Shaped Beer Opener, Beer Gifts Bottle Opener for Men, Husband, Dad, Grandpa, Boyfriend (Bronze)","New","9.99","No",,"Yes","0","0","0","0","0","0.05","0","0","0","0","0","0"
"LH-O68E-L3YL","X001X2K75D","B07JVR33BL","VNFLY Cute Keychain Lovely Animal Characters, Mini Figure Collection Playset, Plant Pot Decoration, Cake Topper Decoration (ABCD)","New","9.99","Yes","0","No","0","0","0","0","0","0.01","0","0","0","0","0","0"
"LY-ON5Q-DHYP","X003YMUEGH","B0CHQB4YMY","VNFLY Folding Camping Stool 14/16 in Portable Stool Suitable Seating to Carry or Put in Backpack for Waiting in Line, Hiking, Camping, Fishing, Gardening & Picnic (Blue) (1, 14in)","New","27.99","No",,"Yes","0","0","0","0","0","0.1","0","0","0","0","0","0"
"Lamp-socket-360socket","X003FFCYHZ","B0BG8CXVYP","365Home Colorful Rotating Magic Ball Light, 2-Pack Magic Light Bulb with Sockets, Plug in Disco Ball Light Bulb for Home Room Dance Partie","New","16.99","No",,"Yes","0","0","0","0","0","0.1","0","0","0","0","0","0"
"M0-C6T6-GEK2","X001YNIGL3","B07KX67LZR","VNFLY 2-Pack Rocket Pens, 4-Color Ballpoint Pen, Fat Pens, Jumbo Pens with Rubber Grip (Silver)","New","7.99","No",,"Yes","32","32","0","0","32","0.01","0","0","0","0","0","0"
"MK-ILTU-2KQK","X002BC0MVN","B07XX6TFN3","Nidavellir 2-Pack Magnetic Hammer Shaped Beer Opener and Bronze Hammer Keychain Bottle Opener, Beer Gifts Bottle Opener for Men, Husband, Dad, Grandpa, Boyfriend","New","13.99","No",,"Yes","19","17","0","2","19","0.06","0","0","0","0","0","0"
"MN-6KST-82YI","X0028O2PTV","B07V1RBC2X","VNFLY Hammer Keychain Bottle Opener, Beer Gifts Bottle Opener for Men, Husband, Dad, Grandpa, Boyfriend (Silver)","New","9.99","No",,"Yes","84","83","0","1","84","0.01","0","0","0","0","0","0"
"Magnetsewing-3pcs","X0041YIBUD","B0CP49DCYC","365Home 3-Packs Magnetic Seam Guide for Sewing Machine, Magnetic Sewing Guide with Clip, Multifunctional Ruler, Hemmer Guide, Seam Guide","New","19.99","No",,"Yes","0","0","0","0","20","0","20","0","0","0","0","1"
"N2-TZ76-G3JE","X002TMJW61","B08XWYR7PN","365Home Hanging Utensil Holder Hooks Kitchen Utensil Hanger Wall Mount 360 Degrees Rotating Folding Hook Self Adhesive Hook Utensil Rack with 6 Hooks for Kitchen Bathroom Cabinet (1 White)","New","6.99","No",,"Yes","4","2","0","2","4","0.03","0","0","0","0","0","0"
"N3-13I8-SPYD","X003Z74PNJ","B0CJPC9G9M","365Home Bamboo Silverware Organizer Countertop, Flatware Caddy, Bamboo Utensil Holder for Party, Kitchen Table, Farmhouse (Forks, Knives, Spoons, Spoons)","New","30.99","No",,"Yes","0","0","0","0","108","0.15","72","36","0","0","0","36"
"NA-IJIA-SZS9","X002GW0GM3","B084Z4Y8ZY","365Home 2-Pack Our First Home 2023 Keychain Housewarming Gift New Home Gift Realtor Closing Gifts (Our First Home 2)","New","6.99","No",,"Yes","0","0","0","0","0","0","0","0","0","0","0","0"
"NF-6TA3-4WFF","X002TJ619F","B08XQ54QQG","365Home Protective Inflatable Collar for Dogs and Cats Cone Collar Soft Pet Recovery Collar for After Surgery Anti-bite Lick Wound Healing (Large (Neck: 9"" - 11""))","New","14.99","No",,"Yes","0","0","0","0","0","0.09","0","0","0","0","0","0"
"OD-YLX2-RAS3","X002CIGNAF","B07Z7G5PXZ","365Home Glove Keychain Bottle Opener, Beer Gifts Bottle Opener for Men, Husband, Dad, Grandpa, Boyfriend (Gold)","New","7.99","No",,"Yes","33","28","0","5","33","0.01","0","0","0","0","0","0"
"OO-7IRG-7LLM","X003SARIMN","B0C27BLGV1","VNFLY 4-Pack Cute Keychain Lovely Animal Characters, Mini Figure Collection Playset, Plant Pot Decoration, Cake Topper Decoration","New","11.99","No",,"Yes","379","356","0","23","379","0.02","0","0","0","0","0","0"
"PC-2FK6-37QC","X003SM1NVD","B0C2Z6SWRN","1TO3GO Pet Grooming Gloves Pet Hair Remover Cat, Dog Washing Gloves Silicone Heat Resistant Cleaning Gloves with High-Density Teeth Grooming Gloves for Dogs, Cats, Horses (2 Pairs - Blue & Gray)","New","18.99","No",,"Yes","162","103","0","59","162","0.12","0","0","0","0","0","0"
"PH-APJH-7L84","X002YM0QRP","B099RHR9PS","365Home Bamboo Silverware Organizer Countertop, Flatware Caddy, Bamboo Utensil Holder for Party, Kitchen Table, Farmhouse","New","32.99","No",,"Yes","0","0","0","0","0","0.27","0","0","0","0","0","0"
"PQ-VAPU-PB7S","X002BC0MTF","B07XX87R29","Nidavellir 2-Pack Magnetic Hammer Shaped Beer Opener and Hammer Keychain Bottle Opener, Beer Gifts Bottle Opener for Men, Husband, Dad, Grandpa, Boyfriend","New","14.99","No",,"Yes","263","217","0","46","263","0.03","0","0","0","0","0","0"
"Pet-Remover-White","X0040VIW15","B0CM6WTJ21","1TO3GO Pet Hair Remover Cat and Dog Roller Remover","New","13.99","No",,"Yes","0","0","0","0","66","0.03","0","66","0","0","0","33"
"Pitter-Cutter-Slicer1","X003AH7TZF","B0B4MMW3KV","365Home 2-Pack Avocado Cutter Slicer and Pitter 3 in 1, Avocado Knife Cuber Peeler Dicer Tool","New","14.99","No",,"Yes","0","0","0","0","0","0.09","0","0","0","0","0","0"
"Pitter-Cutter-Slicer1-Scoop","X003AH7QGR","B0B4N9MBL7","365Home 3-Pack Avocado Cutter Slicer and Pitter 3 in 1, Avocado Knife Cuber Peeler Dicer Tool and Melon Baller Scoop Set","New","19.99","No",,"Yes","0","0","0","0","0","0.13","0","0","0","0","0","0"
"Pitter-Cutter-Slicer1-Watermelon","X003AH7VKN","B0B4NC4335","365Home 3-Pack Avocado Cutter Slicer Pitter Cuber Peeler Dicer and Windmill Watermelon Slicer Cutter Knife Corer Fruit Vegetable Tools","New","18.99","No",,"Yes","0","0","0","0","0","0.14","0","0","0","0","0","0"
"Pitter-Cutter-Watermelon-Scoop","X003AH7VKD","B0B4N4S5P9","365Home 3-Pack Avocado Cutter Slicer Pitter Cuber Peeler Dicer, Windmill Watermelon Slicer Cutter Knife Corer Fruit Vegetable Tools and Melon Baller Scoop Set","New","18.99","No",,"Yes","0","0","0","0","0","0.12","0","0","0","0","0","0"
"Q4-W1AJ-GWF8","X0033SE0N5","B09791N7TS","365Home 2-Pack Our First Home 2022 Keychain Housewarming Gift New Home Gift Realtor Closing Gifts (Our First Home 4)","New","6.99","No",,"Yes","0","0","0","0","0","0","0","0","0","0","0","0"
"QQ-PCQL-S43B","X002L0EXYR","B08CXG45F4","365Home 2-Pack Hammer Keychain and Axe Keychain, Cool Gifts for Men, Husband, Boyfriend","New","10.99","No",,"Yes","566","557","0","8","566","0.02","0","0","0","1","0","0"
"QU-OIBP-7Y5B","X002BMBDKR","B07Y8B8RF8","365Home 2-Pack Glove Keychain, Cool Gifts for Men, Husband, Boyfriend","New","11.99","No",,"Yes","150","146","0","3","150","0.02","0","0","0","1","0","0"
"RE-1","X00394NDNV","B0B1CYVYW8","365Home Rattan Earrings Handmade Raffia Straw Wicker Braid Hoop Drop Dangle Earrings Lightweight Geometric Tassel Woven Boho Statement Earrings For Women","New","7.99","No",,"Yes","0","0","0","0","0","0","0","0","0","0","0","0"
"RE-1-12","X00394KQ6D","B0B1CY6BRK","365Home 2 Pairs Rattan Earrings Handmade Raffia Straw Wicker Braid Hoop Drop Dangle Earrings Lightweight Geometric Tassel Woven Boho Statement Earrings For Women","New","9.99","No",,"Yes","0","0","0","0","0","0","0","0","0","0","0","0"
"RE-12-15-22","X00394K8P7","B0B1CV9M4Z","365Home 3 Pairs Rattan Earrings Handmade Raffia Straw Wicker Braid Hoop Drop Dangle Earrings Lightweight Geometric Tassel Woven Boho Statement Earrings For Women","New","11.99","No",,"Yes","0","0","0","0","0","0","0","0","0","0","0","0"
"RE-14","X00394NDNB","B0B1CZXQXS","365Home Rattan Earrings Handmade Raffia Straw Wicker Braid Hoop Drop Dangle Earrings Lightweight Geometric Tassel Woven Boho Statement Earrings For Women","New","7.99","No",,"Yes","0","0","0","0","0","0","0","0","0","0","0","0"
"RE-14-10","X00394AUF5","B0B1CXCTCJ","365Home 2 Pairs Rattan Earrings Handmade Raffia Straw Wicker Braid Hoop Drop Dangle Earrings Lightweight Geometric Tassel Woven Boho Statement Earrings For Women","New","9.99","No",,"Yes","0","0","0","0","0","0","0","0","0","0","0","0"
"RE-18","X00394LJ1J","B0B1CYMH28","365Home Rattan Earrings Handmade Raffia Straw Wicker Braid Hoop Drop Dangle Earrings Lightweight Geometric Tassel Woven Boho Statement Earrings For Women","New","7.99","No",,"Yes","0","0","0","0","0","0","0","0","0","0","0","0"
"RE-2-19-32","X00394I1RJ","B0B1D1GTB1","365Home 3 Pairs Rattan Earrings Handmade Raffia Straw Wicker Braid Hoop Drop Dangle Earrings Lightweight Geometric Tassel Woven Boho Statement Earrings For Women","New","11.99","No",,"Yes","0","0","0","0","0","0","0","0","0","0","0","0"
"RE-21","X00394L6UD","B0B1CYQRQJ","365Home Rattan Earrings Handmade Raffia Straw Wicker Braid Hoop Drop Dangle Earrings Lightweight Geometric Tassel Woven Boho Statement Earrings For Women","New","7.99","No",,"Yes","0","0","0","0","0","0","0","0","0","0","0","0"
"RE-3","X00394L2DJ","B0B1CYP2C6","365Home Rattan Earrings Handmade Raffia Straw Wicker Braid Hoop Drop Dangle Earrings Lightweight Geometric Tassel Woven Boho Statement Earrings For Women","New","7.99","No",,"Yes","0","0","0","0","0","0","0","0","0","0","0","0"
"RE-3-26-29","X00394I8EF","B0B1CTFBFY","365Home 3 Pairs Rattan Earrings Handmade Raffia Straw Wicker Braid Hoop Drop Dangle Earrings Lightweight Geometric Tassel Woven Boho Statement Earrings For Women","New","11.99","No",,"Yes","0","0","0","0","0","0","0","0","0","0","0","0"
"RE-31","X00394NDN1","B0B1CZ826J","365Home Rattan Earrings Handmade Raffia Straw Wicker Braid Hoop Drop Dangle Earrings Lightweight Geometric Tassel Woven Boho Statement Earrings For Women","New","7.99","No",,"Yes","0","0","0","0","0","0","0","0","0","0","0","0"
"RE-32","X00394L6WB","B0B1CYBBHN","365Home Rattan Earrings Handmade Raffia Straw Wicker Braid Hoop Drop Dangle Earrings Lightweight Geometric Tassel Woven Boho Statement Earrings For Women","New","7.99","No",,"Yes","0","0","0","0","0","0","0","0","0","0","0","0"
"RE-33-2","X00394MYXL","B0B1CXNRQ3","365Home 2 Pairs Rattan Earrings Handmade Raffia Straw Wicker Braid Hoop Drop Dangle Earrings Lightweight Geometric Tassel Woven Boho Statement Earrings For Women","New","9.99","No",,"Yes","0","0","0","0","0","0","0","0","0","0","0","0"
"RE-34","X00394L2FR","B0B1CZ1XLB","365Home Rattan Earrings Handmade Raffia Straw Wicker Braid Hoop Drop Dangle Earrings Lightweight Geometric Tassel Woven Boho Statement Earrings For Women","New","10.99","No",,"Yes","0","0","0","0","0","0","0","0","0","0","0","0"
"RE-36","X0039EOYTX","B0B215VLLX","365Home Rattan Earrings Handmade Raffia Straw Wicker Braid Hoop Drop Dangle Earrings Lightweight Geometric Tassel Woven Boho Statement Earrings For Women","New","10.99","No",,"Yes","0","0","0","0","0","0","0","0","0","0","0","0"
"RE-6-22","X00394AUEV","B0B1CXLM67","365Home 2 Pairs Rattan Earrings Handmade Raffia Straw Wicker Braid Hoop Drop Dangle Earrings Lightweight Geometric Tassel Woven Boho Statement Earrings For Women","New","9.99","No",,"Yes","0","0","0","0","0","0","0","0","0","0","0","0"
"RE-7","X00394LJ4V","B0B1CYGT4Z","365Home Rattan Earrings Handmade Raffia Straw Wicker Braid Hoop Drop Dangle Earrings Lightweight Geometric Tassel Woven Boho Statement Earrings For Women","New","7.99","No",,"Yes","0","0","0","0","0","0","0","0","0","0","0","0"
"RE-8","X00394L2G1","B0B1CZFJSK","365Home Rattan Earrings Handmade Raffia Straw Wicker Braid Hoop Drop Dangle Earrings Lightweight Geometric Tassel Woven Boho Statement Earrings For Women","New","7.99","No",,"Yes","0","0","0","0","0","0","0","0","0","0","0","0"
"RI-UJBR-H76P","X0028ME04L","B07V27BG9M","Nidavellir 2-Pack Hammer Keychain Bottle Opener, Beer Gifts Bottle Opener for Men, Husband, Dad, Grandpa, Boyfriend (Silver & Bronze)","New","10.99","No",,"Yes","14","10","0","4","14","0.01","0","0","0","0","0","0"
"Screen-12packs","X003K4UJW3","B0BNSWKG5N","365Home 12 Packs Macaron Mobile Phone Screen Cleaning Keychain Wipes, Eyeglass Brush Cleaner, Computer Laptop Cell Phone Screen Cleaner Tool - Glass Cleaning Cloth","New","16.99","No",,"Yes","0","0","0","0","0","0.02","0","0","0","0","0","0"
"Screen-16packs","X003K4UM4X","B0BNT3972V","365Home 16 Packs Macaron Mobile Phone Screen Cleaning Keychain Wipes, Eyeglass Brush Cleaner, Computer Laptop Cell Phone Screen Cleaner Tool - Glass Cleaning Cloth","New","22.99","No",,"Yes","0","0","0","0","0","0.02","0","0","0","0","0","0"
"Screen-8pcs","X003FSGFHH","B0BJPWWT92","365Home 8 Packs Macaron Mobile Phone Screen Cleaning Keychain Wipes, Eyeglass Brush Cleaner, Computer Laptop Cell Phone Screen Cleaner Tool - Glass Cleaning Cloth","New","16.99","No",,"Yes","0","0","0","0","0","0.01","0","0","0","0","0","0"
"Slicercup-1pack","X0041RQ03Z","B0CNVGLFN6","365Home New Fruit and Vegetable Speed Slicer with Push Plate, Fruit Slicer Cup Egg Slicer Stainless Steel Banana Strawberry Cutter Kitchen Portable Slicing Tool","New","14.99","No",,"Yes","0","0","0","0","20","0.03","0","20","0","0","0","20"
"Slicercup-2pack","X0041RLRBF","B0CNVGKB38","365Home New 2-Pack Fruit and Vegetable Speed Slicer with Push Plate, Fruit Slicer Cup Egg Slicer Stainless Steel Banana Strawberry Cutter Kitchen Portable Slicing Tool","New","19.99","No",,"Yes","0","0","0","0","40","0.03","0","40","0","0","0","1"
"Slicercup-3pack","X0041RY11X","B0CNVFMLP1","365Home New 3-Pack Fruit and Vegetable Speed Slicer with Push Plate, Fruit Slicer Cup Egg Slicer Stainless Steel Banana Strawberry Cutter Kitchen Portable Slicing Tool","New","24.99","No",,"Yes","0","0","0","0","60","0.03","0","60","0","0","0","60"
"SpoonRest-Green","X003GAH0HN","B0BKL7K78S","365Home Spoon and Lid Rest, Spoon Rest with Lid Holder, Kitchen Gadgets Accessories for Cooking","New","7.99","No",,"Yes","0","0","0","0","0","0.03","0","0","0","0","0","0"
"SpoonRest-Green&Ivory","X003GAJEUT","B0BKL4QF8Z","365Home 2-Pack Spoon and Lid Rest, Spoon Rest with Lid Holder, Kitchen Gadgets Accessories for Cooking","New","13.99","No",,"Yes","0","0","0","0","0","0.07","0","0","0","0","0","0"
"Sport-Bands-04","X003TQT22Z","B0C5J2R6YY","VNFLY Resistance Band, Pull Up Bands, Pull Up Assistance Bands, Workout Bands, Exercise Bands, Resistance Bands Set for Legs, Working Out, Muscle Training, Physical Therapy, Shape Body, Men Women","New","19.99","No",,"Yes","7","7","0","0","7","0","0","0","0","0","0","0"
"Sport-Bowl-Beige","X003YRL9PR","B0CHY6YG5S","VNFLY Upgrade Snack Bowl for Stanley Cup 40 oz Tumbler with 5 Compartments, Stanley Cup Snack Tray, Silicone Reusable Stanley Cup Snack Holder, Stanley Bowl Accessories (Beige)","New","16.99","No",,"Yes","29","28","0","1","29","0.07","0","0","0","0","0","0"
"Sport-Bowl-Black","X003YRON5P","B0CHY6VZ3B","VNFLY Upgrade Snack Bowl for Stanley 40 oz Tumbler with 5 Compartments, Stanley Cup Snack Tray, Silicone Reusable Stanley Cup Snack Holder, Stanley Bowl Accessories (Black)","New","11.99","No",,"Yes","0","0","0","0","0","0.01","0","0","0","0","0","0"
"Sport-Bowl-Green","X003YRFZPR","B0CHY63JH2","VNFLY Upgrade Snack Bowl for Stanley 40 oz Tumbler with 5 Compartments, Stanley Cup Snack Tray, Silicone Reusable Stanley Cup Snack Holder, Stanley Bowl Accessories (Green)","New","19.99","No",,"Yes","29","29","0","0","29","0.01","0","0","0","0","0","0"
"Sport-Bowl-Orange","X003YRJNVJ","B0CHY8TQ1P","VNFLY Upgrade Snack Bowl for Stanley 40 oz Tumbler with 5 Compartments, Stanley Cup Snack Tray, Silicone Reusable Stanley Cup Snack Holder, Stanley Bowl Accessories (Orange)","New","14.99","No",,"Yes","45","45","0","0","45","0.01","0","0","0","0","0","0"
"Sport-Bowl-Pink","X003YRJNV9","B0CHY7JSKK","VNFLY Upgrade Snack Bowl for Stanley 40 oz Tumbler with 5 Compartments, Stanley Cup Snack Tray, Silicone Reusable Stanley Cup Snack Holder, Stanley Bowl Accessories (Pink)","New","14.99","No",,"Yes","36","32","0","3","36","0.07","0","0","0","1","0","0"
"Sport-Pushupbars","X003TROAQH","B0C5J5CFS3","VNFLY Push Up Bars Gym Exercise Equipment Fitness 1 Pair Pushup Handles with Cushioned Foam Grip and Non-Slip Sturdy Structure Push Up Bars for Men & Women","New","11.99","No",,"Yes","60","29","0","31","60","0.04","0","0","0","0","0","0"
"Sport-Roller","X003TOBEQT","B0C594LFN6","VNFLY Ab Roller Automatic Rebound Abdominal Wheel, Abs Workout Equipment, Ab Wheel Roller for Core Workout with 2 Knee Pads and 1 User Manual","New","29.98","No",,"Yes","115","102","0","12","115","0.31","0","0","0","1","0","0"
"Sport-Roller-3pcs","X003TO2KL7","B0C5976FHZ","VNFLY Automatic Rebound Abdominal Wheel, Ab Roller Wheel Automatic Rebound with 2 Knee Pads, 2 Push-up Bars, 2 Resistance Bands, and Detailed Traning Guide","New","34.98","No",,"Yes","490","346","0","144","491","0.43","0","0","1","0","0","0"
"Sport-Roller2-Black","X003YLXCFX","B0CHNR5PGC","VNFLY Elbow Support Automatic Rebound Abdominal Wheel, Ab Roller Wheel for Core Workout with Knee Pad, and Training Guide for Men and Women (Black)","New","39.99","No",,"Yes","12","10","0","2","13","0.65","0","0","1","0","0","0"
"Sport-Roller2-Orange","X003YM34MX","B0CHNSJL7J","VNFLY Elbow Support Automatic Rebound Abdominal Wheel, Ab Roller Wheel for Core Workout with Knee Pad, and Training Guide for Men and Women (Orange)","New","39.99","No",,"Yes","47","47","0","0","47","0.71","0","0","0","0","0","0"
"Sport-bag-2pcs","X003W3V6ZV","B0CBPT7FXX","VNFLY 2-Pack Upgrade Water Bottle Pouch for Stanley, Tumbler Pouch with Pocket for Stanley Fanny Pack 18 to 40 oz, Stanley Cup Pouch with Silicone Spill-proof Stopper Set 1.0 & 2.0 (Black+Blue)","New","17.99","No",,"Yes","187","81","0","105","187","0.05","0","0","0","1","0","0"
"Sport-bag-Black","X003W40SOP","B0CBPVMXT7","VNFLY Upgrade Water Bottle Pouch for Stanley, Tumbler Pouch with Pocket for Stanley Fanny Pack 18 to 40 oz, Stanley Cup Pouch with Silicone Spill-Proof Stopper Set 1.0 & 2.0 (Black)","New","12.99","No",,"Yes","13","1","0","12","13","0.01","0","0","0","0","0","0"
"Sport-bag-Blue","X003W3V6ZL","B0CBPW4DQ3","VNFLY Upgrade Water Bottle Pouch for Stanley, Tumbler Pouch with Pocket for Stanley Fanny Pack 18 to 40 oz, Stanley Cup Pouch with Silicone Spill-proof Stopper Set 1.0 & 2.0 (Blue)","New","12.99","No",,"Yes","9","4","0","5","9","0.02","0","0","0","0","0","0"
"Sport-bag-Pink","X003W3ECU7","B0CBPV4VSV","VNFLY Upgrade Water Bottle Pouch for Stanley, Tumbler Pouch with Pocket for Stanley Fanny Pack 18 to 40 oz, Stanley Cup Pouch with Silicone Spill-Proof Stopper Set 1.0 & 2.0 (Pink)","New","12.99","No",,"Yes","16","10","0","6","16","0.01","0","0","0","0","0","0"
"Sport-bag-leopard","X003W3W8VH","B0CBPR2KHR","VNFLY Upgrade Water Bottle Pouch for Stanley, Tumbler Pouch with Pocket for Stanley Fanny Pack 18 to 40 oz, Stanley Cup Pouch with Silicone Spill-Proof Stopper Set 1.0 & 2.0 (Leopard)","New","12.99","No",,"Yes","2","0","0","2","2","0.02","0","0","0","0","0","0"
"StoragePeeler","X003DL3PLF","B0BC8WZ3YB","365Home Fruit Vegetable Peeler with Container, Veggie Apple Cucumber Carrot Potato Peeler Hand, Y Peelers for Kitchen with Hanging Hole","New","9.99","No",,"Yes","0","0","0","0","0","0.03","0","0","0","0","0","0"
"T6-TSEL-DO36","X002NAFPDX","B08HWTY667","Nidavellir Shield Keychain Bottle Opener, Beer Gifts Bottle Opener for Men, Husband, Dad, Grandpa, Boyfriend (Silver)","New","11.99","No",,"Yes","284","202","0","82","287","0","0","0","3","0","0","0"
"TX-KPSQ-SPQ1","X0028QCO2R","B07V5FRPQR","VNFLY Glove Keychain Glove Key Ring, Cool Gifts for Men, Husband, Boyfriend","New","7.99","No",,"Yes","69","69","0","0","69","0.01","0","0","0","0","0","0"
"Template-10in","X003A8B6OJ","B0B42K8BKS","365Home Bowl Cozy Template 3 Sizes, Bowl Cozy Pattern Template, Bowl Cozy Template Cutting Ruler Set with 40 Pcs of Sewing Pin and Manual Instruction","New","9.99","No",,"Yes","0","0","0","0","0","0.04","0","0","0","0","0","0"
"Template-8in","X003A8K93X","B0B42JF83D","365Home Bowl Cozy Template 3 Sizes, Bowl Cozy Pattern Template, Bowl Cozy Template Cutting Ruler Set with 40 Pcs of Sewing Pin and Manual Instruction","New","8.99","No",,"Yes","0","0","0","0","0","0.03","0","0","0","0","0","0"
"Template-set3","X003A8GAYP","B0B42HXW3P","365Home Bowl Cozy Template 3 Sizes, Bowl Cozy Pattern Template Cutting Ruler Set with 40 Pcs of Sewing Pin and Manual Instruction","New","14.99","No",,"Yes","439","155","5","279","1639","0.07","900","300","0","0","0","0"
"Template-set3-cut1","X003A8B6O9","B0B42L59Q7","365Home Bowl Cozy Template 3 Sizes, Bowl Cozy Pattern Template, Bowl Cozy Template Cutting Ruler Set with 40 Pcs of Sewing Pin, Roller Cutter and Manual Instruction","New","23.99","No",,"Yes","136","0","0","136","202","0.11","33","33","0","0","0","0"
"Template-set3-cut2","X003A8FB8B","B0B42KWPRX","365Home Bowl Cozy Template 3 Sizes, Bowl Cozy Pattern Template, Bowl Cozy Template Cutting Ruler Set with 40 Pcs of Sewing Pin, Rotary Cutter and Manual Instruction","New","25.99","No",,"Yes","100","0","0","100","100","0.16","0","0","0","0","0","100"
"U5-FJS4-VBFN","X002BBZPYN","B07XX7P9F6","Nidavellir 2-Pack Magnetic Hammer Shaped Beer Opener and Glove Keychain Bottle Opener, Beer Gifts Bottle Opener for Men, Husband, Dad, Grandpa, Boyfriend","New","14.99","No",,"Yes","236","194","0","42","236","0.04","0","0","0","0","0","0"
"U8-PI8J-3769","X002UDBVHR","B072JN8C2Q","365Home Hanging Utensil Holder Hooks Kitchen Utensil Hanger Wall Mount 360 Degrees Rotating Folding Hook Self Adhesive Hook Utensil Rack with 6 Hooks for Kitchen Bathroom Cabinet (4 White)","New","11.99","No",,"Yes","54","49","0","5","54","0.07","0","0","0","0","0","0"
"UL-LC79-ETPU","X001YSJJJB","B07KX5LWHM","VNFLY 2-Pack Rocket Pens, 4-Color Ballpoint Pen, Fat Pens, Jumbo Pens with Rubber Grip (Silver & Blue)","New","7.99","No",,"Yes","21","21","0","0","21","0.02","0","0","0","0","0","0"
"UU-YNVS-R3DV","X002BC00R9","B07XX7TK7N","Nidavellir 2-Pack Fist Beer Opener and Hammer Keychain Bottle Opener, Beer Gifts Bottle Opener for Men, Husband, Dad, Grandpa, Boyfriend","New","14.99","No",,"Yes","444","415","1","27","445","0.02","0","0","1","1","0","0"
"UV-T1KY-367W","X0030CGYG5","B09FPZNRX9","365Home Hanging Utensil Holder Hooks Kitchen Utensil Hanger Wall Mount 360 Degrees Rotating Folding Hook Self Adhesive Hook Utensil Rack with 6 Hooks for Kitchen Bathroom Cabinet (2 Blacks)","New","7.99","No",,"Yes","61","59","0","2","61","0.03","0","0","0","0","0","0"
"UpgradeSpoonRest-Ivory","X003KZP4SV","B0BKL72T9P","365Home Spoon and Lid Rest, Spoon Rest with Lid Holder and Spill-proof Lid Lifter, Kitchen Gadgets Accessories for Cooking","New","7.99","No",,"Yes","0","0","0","0","0","0.03","0","0","0","0","0","0"
"V6-9SRV-QZIZ","X002UDI1VV","B08ZNH5HQP","365Home Hanging Utensil Holder Hooks Kitchen Utensil Hanger Wall Mount 360 Degrees Rotating Folding Hook Self Adhesive Hook Utensil Rack with 6 Hooks for Kitchen Bathroom Cabinet (3 White)","New","9.99","No",,"Yes","0","0","0","0","0","0.06","0","0","0","0","0","0"
"VE-H5R9-CDYW","X002BMC33N","B07Y8DR1KJ","365Home 3-Pack Silver Axe Keychain Red Glove Keychain Silver Hammer Keychain, Cool Gifts for Men, Husband, Boyfriend","New","12.99","No",,"Yes","86","85","0","1","86","0.01","0","0","0","0","0","0"
"W1-VZB9-VX2R","X001X4V63D","B07JVSHB8Z","VNFLY Cute Keychain Lovely Animal Characters, Mini Figure Collection Playset, Plant Pot Craft Dollhouse Decoration, Cake Topper, Cake Decoration (2 x 1.19 inches)","New","7.99","No",,"Yes","27","27","0","0","27","0","0","0","0","0","0","0"
"X4-DJ7H-ZTGX","X002TMOWQB","B08XWYPR76","365Home Hanging Utensil Holder Hooks Kitchen Utensil Hanger Wall Mount 360 Degrees Rotating Folding Hook Self Adhesive Hook Utensil Rack with 6 Hooks for Kitchen Bathroom Cabinet (1 Black)","New","6.99","No",,"Yes","12","12","0","0","12","0.02","0","0","0","0","0","0"
"XH-M883-PUD3","X002BC42V9","B07XXCSFV1","Nidavellir 2-Pack Hammer Keychain Bottle Opener and Glove Keychain Bottle Opener, Beer Gifts Bottle Opener for Men, Husband, Dad, Grandpa, Boyfriend (Bronze)","New","11.99","No",,"Yes","0","0","0","0","0","0.01","0","0","0","0","0","0"
"XL-RPK0-R1MV","X0028QC9OP","B07V279H18","Nidavellir 2-Pack Hammer Keychain Bottle Opener and Glove Keychain Bottle Opener, Beer Gifts Bottle Opener for Men, Husband, Dad, Grandpa, Boyfriend","New","12.99","No",,"Yes","1114","954","0","157","1115","0.01","0","0","1","3","0","0"
"XQ-0Y06-30OS","X003X2UYJP","B0CDP8VJ2T","365Home Kebab Maker Mould Plastic Kabob Maker Press Barbecue Meat Skewer Kebab Maker BBQ Gadget (Green)","New","12.99","No",,"Yes","0","0","0","0","60","0.02","60","0","0","0","0","1"
"XV-9YEF-U1A3","X002BER5QL","B07XYXCKZ2","365Home 2-Pack Our First Home 2022 Keychain Housewarming Gift New Home Gift Realtor Closing Gifts (Our First Home 1)","New","6.99","No",,"Yes","20","19","0","1","20","0","0","0","0","0","0","0"
"YC-5EAO-EY9O","X0038R90XL","B09ZL4LJL9","365Home 4 Pairs Rattan Earrings Handmade Raffia Straw Wicker Braid Hoop Drop Dangle Earrings Lightweight Geometric Tassel Woven Boho Statement Earrings For Women","New","13.99","No",,"Yes","0","0","0","0","0","0","0","0","0","0","0","0"
"YM-DCJF-STWH","X002BBZ4MB","B07XM2WL3W","Nidavellir 2-Pack Fist Beer Opener and Glove Keychain Bottle Opener, Beer Gifts Bottle Opener for Men, Husband, Dad, Grandpa, Boyfriend","New","14.99","No",,"Yes","28","28","0","0","28","0.03","0","0","0","0","0","0"
"YN-S0RG-YT33","X0032LHFBH","B09LCPZDBY","365Home Bamboo Silverware Organizer Countertop, Flatware Caddy, Bamboo Utensil Holder for Party, Kitchen Table, Farmhouse","New","30.99","No",,"Yes","0","0","0","0","0","0.27","0","0","0","0","0","0"
"Z4-33SD-1XKO","X0024N0PO3","B07R3WYPKD","SNAPY 2-Pack Mini Folding Camping Stool, Lightweight Camp Stool, Portable Folding Camp Chair, Ultralight Camping Chair for BBQ, Camping, Fishing, Travel, Hiking (Silver Grey & Silver Grey)","New","29.99","No",,"Yes","0","0","0","0","0","0.26","0","0","0","0","0","0"
"ZU-S3OP-BTRV","X002BBZSCH","B07XX85V64","Nidavellir Fist Beer Opener and Bronze Hammer Keychain Bottle Opener, Beer Gifts Bottle Opener for Men, Husband, Dad, Grandpa, Boyfriend","New","14.99","No",,"Yes","49","43","0","6","49","0.03","0","0","0","0","0","0"
"ZW-QWQO-GLBK","X0032LIU4D","B09644ZKN9","365Home Bamboo Silverware Organizer Countertop, Flatware Caddy, Bamboo Utensil Holder for Party, Kitchen Table, Farmhouse","New","27.99","No",,"Yes","61","48","4","9","469","0.22","156","252","0","0","0","340"
"petbrush-green","X0040V58JJ","B0CM6LFK78","1TO3GO Pet Brush Self-Cleaning and Grooming Brush for Cat, Dog (Green)","New","13.99","No",,"Yes","0","0","0","0","15","0.05","0","15","0","0","0","15"
